id,address
1,0xce7f19c1580c2d8c2471423e57a6851b8b124653
10,0x839a654a4d8a872f0292a04a2de7b1a159b6d658
11,0x93ef41c8b302fa39e7eb7481a529a9ad589d0a4c
12,0x9ccd8efd0737c3343d6e99b0d4a6a491065fe55a
13,0x48d5864ef891d01ac8e8c732751f4400838962e3
14,0xfe7c49076d07c79ecb2ae632e4916435260c4f36
15,0x4b78f94668d527df3793c20661bec5d55c07567a
16,0xca4c508cdcc3118a4ca783dd096187e4eca32299
17,0xd98d444465a242c20295e107665efbac4f19f960
18,0x3ad0b98f332759d0ccd1943649e1fa54377b795b
19,0x3db51b3a9f91aef74ac447f6446d0dbaa145172d
2,0xd74ab2bf671cd0e5a768abdb7f4750bf0108d69c
20,0xcdfd94319950129dfcd06002310ed375f93e763a
21,0x9c79afb66a2f6e0ccdf244e6a2e1a715a9916e54
22,0xeb0a7ac4744d28dc38e4432a5b02b2ee34f6432a
23,0xa1873ffce3cb177bca17327ac6ddbdacf9ef3177
24,0x1bfe786879358e252dad9dafdcb6106cac8aecab
25,0x472708ce4ed9891d99b572be048ada4accb0daec
26,0x7f52cec21695e2e88caa69e1336b6ae81af1c13d
27,0x322a28ad5af809543d55df19c5074906fb764288
28,0xea84073714b48207afa674273a3b40cc6d741c6f
29,0x2ff74caae73bb4c292147b5e762eaa2b73984ec8
3,0xc4d2f1b82e756a6415599b2cc23f82b5380c2b1e
30,0xb5a4c2cbd0f363ffc62ed933fed0c66d98add569
31,0x1a664c614730a636a6ca4cff9d7bce6c90129738
32,0xc447a52adb4ebd24db385764ee702ac488707ac8
33,0x98596379c7708b8691d5c4b7abf2e1c07a42628d
34,0x3ead3b56ee42ce344f1d4b2c3d978f95577a869e
35,0x6dacba2f4f2277e84fa16f8c7094f7c9ab460315
36,0xcd9fc7f0b9386a2a51187c015eae1567e6b08864
37,0x07cc9e5f6a6cfbf4af32a0552d38775d1f28a137
38,0x6a90750e4b1a245d70eaad1f9a32333db7a3c0e9
39,0x02f3882ab37d320e32571afed3a2672e323d84b4
4,0x1d661cef6097ce373ff19b4778c8734979aba425
40,0xe13c4f4c0898bd467bb750f135721461247e5dd1
41,0x46f00520d4e8bd45c5bc6e4e30d07af0e9caf52d
42,0x3662ad8e5f0b46fa94e9275dd52cd5c59b3e2b74
43,0x0a778f47f4277cab1066fc1ebeb9e3852619a421
44,0x61690b15ba19fdb5bdf7eb82fd77304c7c58000d
45,0xac8894dab3939eca77923b1263fa919b6ba69026
46,0x34748c074f016b4d841dd0626b13891f0779f1ca
47,0x26a5ee7e3b69fdb035360aa0dfd23e7e1293bd72
48,0xdf7bb4ad6ae18d759cafbd52a3e8f396436c0e32
49,0x15c0546b6b4353db36dc54d1c6b84ae6dfc684d2
5,0xd955aade1064b50cd00b5a6da3497c81ff4bb71f
50,0xff8c0e0068fbf5dd4831b634a3a5ecb5db5e1cc9
6,0xd65dafdbea3397d542a1bdc7e8f33ce1cacbf05e
7,0x64a46829cf63a1ddf88673ca18fd88da3bd918a4
8,0xb520633068d4c39bf03c7a38be3d767b36990737
9,0x69b41992ad8da5af43684efcc9a42205ad58e9b3
